,Count,Proportion
No (0),9060,0.7022167105875058
Yes (1),3842,0.2977832894124942
